Attribute,Value
Number of Nodes,15763.0
Number of Edges,171206.0
Density,0.0006890786305586341
Global Clustering Coefficient,0.0006649307945082926
Time,0.1536819950051722
