Attribute,Value
Number of Nodes,325729.0
Number of Edges,1497134.0
Density,1.4110719364589702e-05
Global Clustering Coefficient,1.4279908887640881e-05
Time,1.1854119769996032
