Attribute,Value
Number of Nodes,41773.0
Number of Edges,125826.0
Density,7.210899708677726e-05
Average Out Degree Centrality,7.210899708677726e-05
Average Betweenness Centrality,0.00018279792212561575
Average Closeness Centrality,0.09366087813302179
Global Clustering Coefficient,5.145145884674853e-05
Average Shortest Path Length,9.589876065542102
Time,2292.7598171240024
