Attribute,Value
Number of Nodes,41773.0
Number of Edges,125826.0
Density,7.210899708677726e-05
Global Clustering Coefficient,5.145145884674853e-05
Time,0.06744882400380448
