Attribute,Value
Number of Nodes,281904.0
Number of Edges,2312497.0
Density,2.9099145907448216e-05
Global Clustering Coefficient,3.056526523717354e-05
Time,2.3357021219999297
