Network,bits/node,bits/node(compressed),Size reduction (%)
google,912.7709192412611,55.23973862843367,93.94812680115274
notre_dame,529.39431244992,22.34335905000783,95.77944860295008
stanford_web,933.3152846359044,161.9940121459788,82.64316305403975
foldoc,740.2389937106918,74.43605870020964,89.94432077577076
