Network,bits/node,bits/node(compressed),Size reduction (%)
google_like,920.2299054748462,169.561124151494,81.57404762193649
soc-gemsec-RO_like,276.3476886984416,63.0208029109712,77.19510403441757
notre_dame_like,489.70075123799234,109.27609147481495,77.68512888768119
stanford_web_like,867.0089675918043,180.03867983426983,79.23450776589502
