Number of Nodes,13356.0
Number of Edges,120238.0
Density,0.000674095520206439
Average Out Degree Centrality,0.0006740955202064389
Average Betweenness Centrality,0.0003145370926690449
Average Closeness Centrality,0.19355138533028354
Global Clustering Coefficient,0.1268100481706041
Average Shortest Path Length,5.22627367544861
